demographic_group,total_enrollees,payments_per_enrollee,total_cost_sharing
Under 18 Years,1178,60014.0,8631624.0
95 Years and Over,458918,24139.0,1268938354.0
85-94 Years,3228465,20754.0,9656834952.0
55-64 Years,1737802,14292.0,4233745308.0
75-84 Years,9754678,14133.0,23270422980.0
45-54 Years,852996,12578.0,1904408557.0
35-44 Years,569149,10969.0,1128756599.0
25-34 Years,313894,9088.0,524122038.0
65-74 Years,17391872,8327.0,26726905680.0
18-24 Years,58752,6645.0,74499133.0
